file	block_bytes	block_count	payload_bytes	total_bytes	encode_ms	decode_min_ms	decode_median_ms	decode_MBps
freedict.eval8.bin	16384	512	1180778	1189002	365.181	201.972	203.724	41.18
freedict.eval8.bin	65536	128	897328	899408	353.678	166.280	167.100	50.20
freedict.eval8.bin	262144	32	743063	743607	319.645	154.240	155.479	53.95
freedict.eval8.bin	1048576	8	641161	641321	310.752	147.067	148.144	56.62
freedict.eval8.bin	4194304	2	568096	568160	313.404	145.350	145.826	57.52
freedict.eval8.bin	0	1	553955	554003	308.877	147.827	148.692	56.42
freedict.untouched.bin	16384	64	149390	150446	48.150	26.100	26.237	39.97
freedict.untouched.bin	65536	16	114872	115160	45.597	21.407	21.624	48.49
freedict.untouched.bin	262144	4	96488	96584	41.552	19.954	20.167	51.99
freedict.untouched.bin	1048576	1	84024	84072	41.319	18.991	19.239	54.50
freedict.untouched.bin	4194304	1	84024	84072	40.665	19.348	19.440	53.94
freedict.untouched.bin	0	1	84024	84072	39.971	19.137	19.297	54.34
gcide.eval8.bin	16384	512	2354095	2362319	695.522	342.059	342.799	24.47
gcide.eval8.bin	65536	128	1903480	1905560	734.099	306.337	306.887	27.33
gcide.eval8.bin	262144	32	1615389	1615933	650.577	289.644	291.760	28.75
gcide.eval8.bin	1048576	8	1421798	1421958	638.100	280.380	282.010	29.75
gcide.eval8.bin	4194304	2	1291560	1291624	639.926	287.813	292.399	28.69
gcide.eval8.bin	0	1	1243173	1243221	662.940	349.359	358.371	23.41
gcide.untouched.bin	16384	64	291591	292647	84.304	42.345	42.862	24.46
gcide.untouched.bin	65536	16	234815	235103	89.631	38.253	38.604	27.16
gcide.untouched.bin	262144	4	197898	197994	80.770	35.874	36.346	28.85
gcide.untouched.bin	1048576	1	174637	174685	82.144	35.502	35.837	29.26
gcide.untouched.bin	4194304	1	174637	174685	80.032	35.583	35.905	29.20
gcide.untouched.bin	0	1	174637	174685	79.574	35.975	36.019	29.11
json.eval8.bin	16384	512	1306300	1314524	534.510	247.875	249.251	33.66
json.eval8.bin	65536	128	1026903	1028983	550.600	220.206	220.900	37.97
json.eval8.bin	262144	32	930942	931486	591.417	213.990	215.007	39.02
json.eval8.bin	1048576	8	898776	898936	587.170	212.763	213.217	39.34
json.eval8.bin	4194304	2	888547	888611	525.261	218.009	219.125	38.28
json.eval8.bin	0	1	884870	884918	527.022	231.414	235.937	35.55
macho.eval8.bin	16384	512	3849543	3857767	845.665	496.278	504.659	16.62
macho.eval8.bin	65536	128	3257268	3259348	802.000	434.245	448.431	18.71
macho.eval8.bin	262144	32	2912673	2913217	781.874	404.821	407.200	20.60
macho.eval8.bin	1048576	8	2687793	2687953	790.078	383.779	390.667	21.47
macho.eval8.bin	4194304	2	2548489	2548553	820.601	396.094	403.519	20.79
macho.eval8.bin	0	1	2493112	2493160	865.811	454.521	470.618	17.82
omw.eval8.bin	16384	512	1115918	1124142	555.770	241.360	241.665	34.71
omw.eval8.bin	65536	128	672304	674384	408.876	178.686	181.071	46.33
omw.eval8.bin	262144	32	495524	496068	350.745	145.928	146.420	57.29
omw.eval8.bin	1048576	8	417601	417761	311.358	134.727	135.798	61.77
omw.eval8.bin	4194304	2	361770	361834	309.936	129.783	130.656	64.20
omw.eval8.bin	0	1	332283	332331	290.775	123.902	128.110	65.48
omw.untouched.bin	16384	64	154056	155112	76.615	33.643	33.839	30.99
omw.untouched.bin	65536	16	94988	95276	53.964	23.917	24.133	43.45
omw.untouched.bin	262144	4	71077	71173	49.144	20.250	20.562	51.00
omw.untouched.bin	1048576	1	57814	57862	42.257	17.880	18.002	58.25
omw.untouched.bin	4194304	1	57814	57862	42.219	19.504	35.344	29.67
omw.untouched.bin	0	1	57814	57862	44.814	18.492	18.738	55.96
zigsrc.eval8.bin	16384	512	1829197	1837421	673.211	323.465	330.979	25.34
zigsrc.eval8.bin	65536	128	1452917	1454997	645.326	274.080	278.292	30.14
zigsrc.eval8.bin	262144	32	1225365	1225909	583.540	250.744	252.106	33.27
zigsrc.eval8.bin	1048576	8	1121836	1121996	555.549	246.434	249.666	33.60
zigsrc.eval8.bin	4194304	2	1045867	1045931	539.017	245.050	263.284	31.86
zigsrc.eval8.bin	0	1	1037932	1037980	608.634	284.176	292.583	28.67
