file	block_bytes	rules	roots	model_bytes	directory_bytes	payload_bytes	total_bytes	bzip3_total	pct_vs_bzip3	encode_ms	startup_ms	decode_min_ms	decode_median_ms	decode_MBps	bzip3_decode_MBps	single_block_us
freedict.eval8.bin	16384	50610	325053	125880	4096	551701	681709	1189002	-42.67	1487.576	28.682	36.889	37.843	221.67	41.18	45.344
freedict.eval8.bin	65536	50590	323608	125523	1024	549208	675787	899408	-24.86	1464.675	30.087	41.401	41.872	200.34	50.20	180.048
freedict.eval8.bin	262144	50469	323625	125248	256	549022	674558	743607	-9.29	1347.382	28.726	36.599	38.623	217.19	53.95	742.702
gcide.eval8.bin	16384	79621	757160	211412	4096	1350818	1566358	2362319	-33.69	2799.449	47.342	65.350	74.209	113.04	24.47	57.906
gcide.eval8.bin	65536	79613	756864	211077	1024	1349213	1561346	1905560	-18.06	3737.782	49.287	64.397	68.219	122.97	27.33	235.369
gcide.eval8.bin	262144	79536	756410	211030	256	1348760	1560078	1615933	-3.46	2867.558	47.246	62.354	64.194	130.68	28.75	1332.496
omw.eval8.bin	16384	101649	117989	203419	4096	199783	407330	1124142	-63.77	1460.100	45.186	27.025	27.436	305.75	34.71	41.674
omw.eval8.bin	65536	101187	115508	201444	1024	194352	396852	674384	-41.15	1321.270	41.429	26.083	26.806	312.94	46.33	164.451
omw.eval8.bin	262144	101669	115521	202542	256	194042	396872	496068	-20.00	1310.110	45.913	27.705	28.735	291.93	57.29	666.194
json.eval8.bin	16384	13197	815323	31193	4096	1084196	1119517	1314524	-14.83	1998.388	8.699	36.962	38.457	218.13	33.66	49.389
json.eval8.bin	65536	13043	814379	30751	1024	1082388	1114195	1028983	8.28	1682.161	8.847	39.846	41.493	202.17	37.97	202.618
json.eval8.bin	262144	13111	808868	30715	256	1081090	1112093	931486	19.39	1696.782	8.546	39.163	39.883	210.33	39.02	894.662
macho.eval8.bin	16384	278441	1246000	694145	4096	2241745	2940018	3857767	-23.79	9512.214	166.647	81.509	88.050	95.27	16.62	69.466
macho.eval8.bin	65536	278355	1243343	694156	1024	2238901	2934113	3259348	-9.98	10035.434	169.525	80.760	82.720	101.41	18.71	282.107
macho.eval8.bin	262144	278573	1243503	694133	256	2238177	2932598	2913217	0.67	9056.393	185.230	79.289	101.534	82.62	20.60	1581.332
zigsrc.eval8.bin	16384	190841	472494	450770	4096	867898	1322796	1837421	-28.01	3733.256	114.952	46.483	48.412	173.27	25.34	51.754
zigsrc.eval8.bin	65536	190885	470374	450950	1024	864195	1316201	1454997	-9.54	4263.435	103.866	48.650	48.840	171.76	30.14	214.775
zigsrc.eval8.bin	262144	191334	472699	450870	256	866187	1317345	1225909	7.46	3958.506	111.258	49.340	52.216	160.65	33.27	1190.540
freedict.untouched.bin	16384	8776	56463	20011	512	79590	100145	150446	-33.43	198.455	6.951	5.875	5.996	174.89	39.97	49.192
freedict.untouched.bin	65536	8742	56363	19925	128	79362	99447	115160	-13.64	205.080	7.313	5.214	5.675	184.77	48.49	195.001
gcide.untouched.bin	16384	16954	115651	41223	512	178930	220697	292647	-24.59	353.932	12.183	8.918	9.094	115.30	24.46	58.979
gcide.untouched.bin	65536	16969	115536	41233	128	178732	220125	235103	-6.37	363.315	23.245	11.031	19.327	54.25	27.16	250.384
omw.untouched.bin	16384	17044	26011	33309	512	38127	71980	155112	-53.59	191.380	13.292	3.968	4.335	241.87	30.99	44.853
omw.untouched.bin	65536	16838	25922	32785	128	37730	70675	95276	-25.82	287.879	12.124	4.735	4.820	217.57	43.45	187.875
