meta	rich	records	2048
meta	rich	semantic_digest	16769177117638402855
result	rich	sqlite	raw	artifact_bytes	532480
result	rich	sqlite	raw	build_ns	6276459
result	rich	sqlite	raw	open_ns	43750
result	rich	sqlite	raw	semantic_digest	16769177117638402855
result	rich	sqlite	raw	query_checksum	16733059916616611384
result	rich	sqlite	raw	outputs	1638600
result	rich	sqlite	raw	logical_prose_bytes	394154
result	rich	sqlite	raw	exact.p50_ns	27333
result	rich	sqlite	raw	exact.p95_ns	49917
result	rich	sqlite	raw	exact.p99_ns	119250
result	rich	sqlite	raw	prefix.p50_ns	599250
result	rich	sqlite	raw	prefix.p95_ns	971667
result	rich	sqlite	raw	prefix.p99_ns	1384208
result	rich	sqlite	raw	render.p50_ns	4750
result	rich	sqlite	raw	render.p95_ns	13167
result	rich	sqlite	raw	render.p99_ns	44625
result	rich	sqlite	zlib	artifact_bytes	33850
unavailable	rich	sqlite	zlib	reason	SQLite cannot seek compressed pages without a decompression staging policy
result	rich	sqlite	zstd	artifact_bytes	22942
unavailable	rich	sqlite	zstd	reason	SQLite cannot seek compressed pages without a decompression staging policy
result	rich	stardict	raw	artifact_bytes	442075
result	rich	stardict	raw	build_ns	1324125
result	rich	stardict	raw	open_ns	666666
result	rich	stardict	raw	semantic_digest	16769177117638402855
result	rich	stardict	raw	query_checksum	16733059916616611384
result	rich	stardict	raw	outputs	1638600
result	rich	stardict	raw	logical_prose_bytes	394154
result	rich	stardict	raw	exact.p50_ns	40334
result	rich	stardict	raw	exact.p95_ns	116000
result	rich	stardict	raw	exact.p99_ns	181334
result	rich	stardict	raw	prefix.p50_ns	262959
result	rich	stardict	raw	prefix.p95_ns	633875
result	rich	stardict	raw	prefix.p99_ns	819375
result	rich	stardict	raw	render.p50_ns	19791
result	rich	stardict	raw	render.p95_ns	55083
result	rich	stardict	raw	render.p99_ns	113500
result	rich	stardict	gzip	artifact_bytes	54332
unavailable	rich	stardict	gzip	reason	gzip is not StarDict dictzip random access; raw reader is the measured query baseline
result	rich	dictd	raw	artifact_bytes	447529
result	rich	dictd	raw	build_ns	1827458
result	rich	dictd	raw	open_ns	686166
result	rich	dictd	raw	semantic_digest	16769177117638402855
result	rich	dictd	raw	query_checksum	16733059916616611384
result	rich	dictd	raw	outputs	1638600
result	rich	dictd	raw	logical_prose_bytes	394154
result	rich	dictd	raw	exact.p50_ns	23333
result	rich	dictd	raw	exact.p95_ns	54041
result	rich	dictd	raw	exact.p99_ns	95875
result	rich	dictd	raw	prefix.p50_ns	258792
result	rich	dictd	raw	prefix.p95_ns	647750
result	rich	dictd	raw	prefix.p99_ns	752375
result	rich	dictd	raw	render.p50_ns	7959
result	rich	dictd	raw	render.p95_ns	25375
result	rich	dictd	raw	render.p99_ns	39625
result	rich	dictd	dictzip	artifact_bytes	60705
result	rich	dictd	dictzip	build_ns	8136708
result	rich	dictd	dictzip	open_ns	608209
result	rich	dictd	dictzip	semantic_digest	16769177117638402855
result	rich	dictd	dictzip	query_checksum	16733059916616611384
result	rich	dictd	dictzip	outputs	1638600
result	rich	dictd	dictzip	logical_prose_bytes	394154
result	rich	dictd	dictzip	exact.p50_ns	23583
result	rich	dictd	dictzip	exact.p95_ns	77584
result	rich	dictd	dictzip	exact.p99_ns	114500
result	rich	dictd	dictzip	prefix.p50_ns	234667
result	rich	dictd	dictzip	prefix.p95_ns	610250
result	rich	dictd	dictzip	prefix.p99_ns	856917
result	rich	dictd	dictzip	render.p50_ns	4064709
result	rich	dictd	dictzip	render.p95_ns	5981125
result	rich	dictd	dictzip	render.p99_ns	7406792
result	rich	slob	raw	artifact_bytes	478045
result	rich	slob	raw	build_ns	49019083
result	rich	slob	raw	open_ns	88375
result	rich	slob	raw	semantic_digest	16769177117638402855
result	rich	slob	raw	query_checksum	16733059916616611384
result	rich	slob	raw	outputs	1638600
result	rich	slob	raw	logical_prose_bytes	394154
result	rich	slob	raw	exact.p50_ns	925542
result	rich	slob	raw	exact.p95_ns	2529834
result	rich	slob	raw	exact.p99_ns	3690750
result	rich	slob	raw	prefix.p50_ns	37112917
result	rich	slob	raw	prefix.p95_ns	65397708
result	rich	slob	raw	prefix.p99_ns	92871834
result	rich	slob	raw	render.p50_ns	55750
result	rich	slob	raw	render.p95_ns	155833
result	rich	slob	raw	render.p99_ns	250833
result	rich	slob	lzma2	artifact_bytes	73774
result	rich	slob	lzma2	build_ns	55565167
result	rich	slob	lzma2	open_ns	63083
result	rich	slob	lzma2	semantic_digest	16769177117638402855
result	rich	slob	lzma2	query_checksum	16733059916616611384
result	rich	slob	lzma2	outputs	1638600
result	rich	slob	lzma2	logical_prose_bytes	394154
result	rich	slob	lzma2	exact.p50_ns	772292
result	rich	slob	lzma2	exact.p95_ns	1556333
result	rich	slob	lzma2	exact.p99_ns	1992875
result	rich	slob	lzma2	prefix.p50_ns	38103875
result	rich	slob	lzma2	prefix.p95_ns	57747167
result	rich	slob	lzma2	prefix.p99_ns	72494791
result	rich	slob	lzma2	render.p50_ns	44458
result	rich	slob	lzma2	render.p95_ns	150417
result	rich	slob	lzma2	render.p99_ns	303209
