meta	repeated	records	2048
meta	repeated	semantic_digest	1239717369033652253
result	repeated	sqlite	raw	artifact_bytes	561152
result	repeated	sqlite	raw	build_ns	9085500
result	repeated	sqlite	raw	open_ns	53250
result	repeated	sqlite	raw	semantic_digest	1239717369033652253
result	repeated	sqlite	raw	query_checksum	9914724521881717094
result	repeated	sqlite	raw	outputs	1638600
result	repeated	sqlite	raw	logical_prose_bytes	428032
result	repeated	sqlite	raw	exact.p50_ns	27208
result	repeated	sqlite	raw	exact.p95_ns	88708
result	repeated	sqlite	raw	exact.p99_ns	150917
result	repeated	sqlite	raw	prefix.p50_ns	602000
result	repeated	sqlite	raw	prefix.p95_ns	1190958
result	repeated	sqlite	raw	prefix.p99_ns	1591167
result	repeated	sqlite	raw	render.p50_ns	5083
result	repeated	sqlite	raw	render.p95_ns	28041
result	repeated	sqlite	raw	render.p99_ns	61459
result	repeated	sqlite	zlib	artifact_bytes	30997
unavailable	repeated	sqlite	zlib	reason	SQLite cannot seek compressed pages without a decompression staging policy
result	repeated	sqlite	zstd	artifact_bytes	23139
unavailable	repeated	sqlite	zstd	reason	SQLite cannot seek compressed pages without a decompression staging policy
result	repeated	stardict	raw	artifact_bytes	475953
result	repeated	stardict	raw	build_ns	1811541
result	repeated	stardict	raw	open_ns	1561709
result	repeated	stardict	raw	semantic_digest	1239717369033652253
result	repeated	stardict	raw	query_checksum	9914724521881717094
result	repeated	stardict	raw	outputs	1638600
result	repeated	stardict	raw	logical_prose_bytes	428032
result	repeated	stardict	raw	exact.p50_ns	68916
result	repeated	stardict	raw	exact.p95_ns	632250
result	repeated	stardict	raw	exact.p99_ns	12247458
result	repeated	stardict	raw	prefix.p50_ns	259750
result	repeated	stardict	raw	prefix.p95_ns	1027542
result	repeated	stardict	raw	prefix.p99_ns	1885834
result	repeated	stardict	raw	render.p50_ns	21125
result	repeated	stardict	raw	render.p95_ns	85000
result	repeated	stardict	raw	render.p99_ns	233167
result	repeated	stardict	gzip	artifact_bytes	50313
unavailable	repeated	stardict	gzip	reason	gzip is not StarDict dictzip random access; raw reader is the measured query baseline
result	repeated	dictd	raw	artifact_bytes	481456
result	repeated	dictd	raw	build_ns	4899208
result	repeated	dictd	raw	open_ns	639750
result	repeated	dictd	raw	semantic_digest	1239717369033652253
result	repeated	dictd	raw	query_checksum	9914724521881717094
result	repeated	dictd	raw	outputs	1638600
result	repeated	dictd	raw	logical_prose_bytes	428032
result	repeated	dictd	raw	exact.p50_ns	23292
result	repeated	dictd	raw	exact.p95_ns	87208
result	repeated	dictd	raw	exact.p99_ns	687042
result	repeated	dictd	raw	prefix.p50_ns	221833
result	repeated	dictd	raw	prefix.p95_ns	727584
result	repeated	dictd	raw	prefix.p99_ns	2285083
result	repeated	dictd	raw	render.p50_ns	7791
result	repeated	dictd	raw	render.p95_ns	18042
result	repeated	dictd	raw	render.p99_ns	30791
result	repeated	dictd	dictzip	artifact_bytes	57876
result	repeated	dictd	dictzip	build_ns	8668458
result	repeated	dictd	dictzip	open_ns	529667
result	repeated	dictd	dictzip	semantic_digest	1239717369033652253
result	repeated	dictd	dictzip	query_checksum	9914724521881717094
result	repeated	dictd	dictzip	outputs	1638600
result	repeated	dictd	dictzip	logical_prose_bytes	428032
result	repeated	dictd	dictzip	exact.p50_ns	22917
result	repeated	dictd	dictzip	exact.p95_ns	40625
result	repeated	dictd	dictzip	exact.p99_ns	93875
result	repeated	dictd	dictzip	prefix.p50_ns	206333
result	repeated	dictd	dictzip	prefix.p95_ns	331792
result	repeated	dictd	dictzip	prefix.p99_ns	591792
result	repeated	dictd	dictzip	render.p50_ns	3891625
result	repeated	dictd	dictzip	render.p95_ns	5291875
result	repeated	dictd	dictzip	render.p99_ns	7039708
result	repeated	slob	raw	artifact_bytes	511923
result	repeated	slob	raw	build_ns	57219875
result	repeated	slob	raw	open_ns	79708
result	repeated	slob	raw	semantic_digest	1239717369033652253
result	repeated	slob	raw	query_checksum	9914724521881717094
result	repeated	slob	raw	outputs	1638600
result	repeated	slob	raw	logical_prose_bytes	428032
result	repeated	slob	raw	exact.p50_ns	788833
result	repeated	slob	raw	exact.p95_ns	1545416
result	repeated	slob	raw	exact.p99_ns	2106875
result	repeated	slob	raw	prefix.p50_ns	36186084
result	repeated	slob	raw	prefix.p95_ns	45290500
result	repeated	slob	raw	prefix.p99_ns	285828792
result	repeated	slob	raw	render.p50_ns	54000
result	repeated	slob	raw	render.p95_ns	111042
result	repeated	slob	raw	render.p99_ns	244291
result	repeated	slob	lzma2	artifact_bytes	74028
result	repeated	slob	lzma2	build_ns	61673083
result	repeated	slob	lzma2	open_ns	60042
result	repeated	slob	lzma2	semantic_digest	1239717369033652253
result	repeated	slob	lzma2	query_checksum	9914724521881717094
result	repeated	slob	lzma2	outputs	1638600
result	repeated	slob	lzma2	logical_prose_bytes	428032
result	repeated	slob	lzma2	exact.p50_ns	746500
result	repeated	slob	lzma2	exact.p95_ns	1322667
result	repeated	slob	lzma2	exact.p99_ns	1716916
result	repeated	slob	lzma2	prefix.p50_ns	65417916
result	repeated	slob	lzma2	prefix.p95_ns	85405542
result	repeated	slob	lzma2	prefix.p99_ns	94498875
result	repeated	slob	lzma2	render.p50_ns	45916
result	repeated	slob	lzma2	render.p95_ns	171916
result	repeated	slob	lzma2	render.p99_ns	240458
