meta	prose_heavy	records	2048
meta	prose_heavy	semantic_digest	2609159946720600431
result	prose_heavy	sqlite	raw	artifact_bytes	11259904
result	prose_heavy	sqlite	raw	build_ns	85414125
result	prose_heavy	sqlite	raw	open_ns	45875
result	prose_heavy	sqlite	raw	semantic_digest	2609159946720600431
result	prose_heavy	sqlite	raw	query_checksum	652287713134979664
result	prose_heavy	sqlite	raw	outputs	1638600
result	prose_heavy	sqlite	raw	logical_prose_bytes	10498986
result	prose_heavy	sqlite	raw	exact.p50_ns	28291
result	prose_heavy	sqlite	raw	exact.p95_ns	38125
result	prose_heavy	sqlite	raw	exact.p99_ns	87125
result	prose_heavy	sqlite	raw	prefix.p50_ns	1329416
result	prose_heavy	sqlite	raw	prefix.p95_ns	3028750
result	prose_heavy	sqlite	raw	prefix.p99_ns	4112667
result	prose_heavy	sqlite	raw	render.p50_ns	13583
result	prose_heavy	sqlite	raw	render.p95_ns	48792
result	prose_heavy	sqlite	raw	render.p99_ns	118375
result	prose_heavy	sqlite	zlib	artifact_bytes	96235
unavailable	prose_heavy	sqlite	zlib	reason	SQLite cannot seek compressed pages without a decompression staging policy
result	prose_heavy	sqlite	zstd	artifact_bytes	43837
unavailable	prose_heavy	sqlite	zstd	reason	SQLite cannot seek compressed pages without a decompression staging policy
result	prose_heavy	stardict	raw	artifact_bytes	10546907
result	prose_heavy	stardict	raw	build_ns	52081291
result	prose_heavy	stardict	raw	open_ns	2134542
result	prose_heavy	stardict	raw	semantic_digest	2609159946720600431
result	prose_heavy	stardict	raw	query_checksum	652287713134979664
result	prose_heavy	stardict	raw	outputs	1638600
result	prose_heavy	stardict	raw	logical_prose_bytes	10498986
result	prose_heavy	stardict	raw	exact.p50_ns	40750
result	prose_heavy	stardict	raw	exact.p95_ns	50417
result	prose_heavy	stardict	raw	exact.p99_ns	139083
result	prose_heavy	stardict	raw	prefix.p50_ns	255833
result	prose_heavy	stardict	raw	prefix.p95_ns	638250
result	prose_heavy	stardict	raw	prefix.p99_ns	928333
result	prose_heavy	stardict	raw	render.p50_ns	22916
result	prose_heavy	stardict	raw	render.p95_ns	79709
result	prose_heavy	stardict	raw	render.p99_ns	130625
result	prose_heavy	stardict	gzip	artifact_bytes	95077
unavailable	prose_heavy	stardict	gzip	reason	gzip is not StarDict dictzip random access; raw reader is the measured query baseline
result	prose_heavy	dictd	raw	artifact_bytes	10556916
result	prose_heavy	dictd	raw	build_ns	46975375
result	prose_heavy	dictd	raw	open_ns	2055833
result	prose_heavy	dictd	raw	semantic_digest	2609159946720600431
result	prose_heavy	dictd	raw	query_checksum	652287713134979664
result	prose_heavy	dictd	raw	outputs	1638600
result	prose_heavy	dictd	raw	logical_prose_bytes	10498986
result	prose_heavy	dictd	raw	exact.p50_ns	23667
result	prose_heavy	dictd	raw	exact.p95_ns	29291
result	prose_heavy	dictd	raw	exact.p99_ns	80541
result	prose_heavy	dictd	raw	prefix.p50_ns	218333
result	prose_heavy	dictd	raw	prefix.p95_ns	399084
result	prose_heavy	dictd	raw	prefix.p99_ns	626625
result	prose_heavy	dictd	raw	render.p50_ns	8792
result	prose_heavy	dictd	raw	render.p95_ns	16417
result	prose_heavy	dictd	raw	render.p99_ns	34000
result	prose_heavy	dictd	dictzip	artifact_bytes	140490
result	prose_heavy	dictd	dictzip	build_ns	26778375
result	prose_heavy	dictd	dictzip	open_ns	1554709
result	prose_heavy	dictd	dictzip	semantic_digest	2609159946720600431
result	prose_heavy	dictd	dictzip	query_checksum	652287713134979664
result	prose_heavy	dictd	dictzip	outputs	1638600
result	prose_heavy	dictd	dictzip	logical_prose_bytes	10498986
result	prose_heavy	dictd	dictzip	exact.p50_ns	23333
result	prose_heavy	dictd	dictzip	exact.p95_ns	29875
result	prose_heavy	dictd	dictzip	exact.p99_ns	76583
result	prose_heavy	dictd	dictzip	prefix.p50_ns	209083
result	prose_heavy	dictd	dictzip	prefix.p95_ns	303250
result	prose_heavy	dictd	dictzip	prefix.p99_ns	379625
result	prose_heavy	dictd	dictzip	render.p50_ns	5313292
result	prose_heavy	dictd	dictzip	render.p95_ns	12773958
result	prose_heavy	dictd	dictzip	render.p99_ns	23011542
result	prose_heavy	slob	raw	artifact_bytes	10585293
result	prose_heavy	slob	raw	build_ns	209293167
result	prose_heavy	slob	raw	open_ns	68750
result	prose_heavy	slob	raw	semantic_digest	2609159946720600431
result	prose_heavy	slob	raw	query_checksum	652287713134979664
result	prose_heavy	slob	raw	outputs	1638600
result	prose_heavy	slob	raw	logical_prose_bytes	10498986
result	prose_heavy	slob	raw	exact.p50_ns	756625
result	prose_heavy	slob	raw	exact.p95_ns	1381833
result	prose_heavy	slob	raw	exact.p99_ns	1744500
result	prose_heavy	slob	raw	prefix.p50_ns	37386000
result	prose_heavy	slob	raw	prefix.p95_ns	51368625
result	prose_heavy	slob	raw	prefix.p99_ns	66775417
result	prose_heavy	slob	raw	render.p50_ns	43833
result	prose_heavy	slob	raw	render.p95_ns	324459
result	prose_heavy	slob	raw	render.p99_ns	462042
result	prose_heavy	slob	lzma2	artifact_bytes	123118
result	prose_heavy	slob	lzma2	build_ns	287022625
result	prose_heavy	slob	lzma2	open_ns	69458
result	prose_heavy	slob	lzma2	semantic_digest	2609159946720600431
result	prose_heavy	slob	lzma2	query_checksum	652287713134979664
result	prose_heavy	slob	lzma2	outputs	1638600
result	prose_heavy	slob	lzma2	logical_prose_bytes	10498986
result	prose_heavy	slob	lzma2	exact.p50_ns	791750
result	prose_heavy	slob	lzma2	exact.p95_ns	1709791
result	prose_heavy	slob	lzma2	exact.p99_ns	2359250
result	prose_heavy	slob	lzma2	prefix.p50_ns	37952542
result	prose_heavy	slob	lzma2	prefix.p95_ns	60290875
result	prose_heavy	slob	lzma2	prefix.p99_ns	76074333
result	prose_heavy	slob	lzma2	render.p50_ns	22500
result	prose_heavy	slob	lzma2	render.p95_ns	116625
result	prose_heavy	slob	lzma2	render.p99_ns	198417
