sha256	BENCHMARKS.md	17601	ceaf504255fb0d47f78b13f122b168e536df8c63010599b23bc28e00dbcb6b49
sha256	COMPLETE	30	cceea3a242e842e5d33714fe60299a0ad56ca82a4c2d3ad8bfbfa74e9195bbd6
sha256	artifacts/flat/flat-v1-bzip3.bin	1536	c7177fff403dc157530a300f0829ac849686da5de62fe6d5ffcdad606766292c
sha256	artifacts/flat/flat-v1-raw.bin	4352	960b08b1b73ab86da39cff1c12102543e642a2330fb0c04924971d5d6305155a
sha256	artifacts/flat/flat-v2-latency-bzip3.bin	11296	47fd9108302511326e9fb368ebd623d74f39bc5bc01076b72f6cdc6c2d2f071e
sha256	artifacts/flat/flat-v2-latency-raw.bin	14176	76d95406f20c744c199fb0210c7ffa9044bbd4cbdffff654a908d0db181b76c4
sha256	artifacts/flat/flat.dict	3046	ad161d510970cbb480b4784d0b8a39f175d2c4564dd6c986322a681389628841
sha256	artifacts/flat/flat.dict.dz	247	cd12f413e803f9d0d1e85de824dcc9e3d3388c3c8b4ede7e457f9f7991afa316
sha256	artifacts/flat/flat.dict.gz	226	6ed050ebabb224a332bd8816d195b268092796137f3a33d7f5722851dc4490a3
sha256	artifacts/flat/flat.idx	391	e9c3bd30d77d02641a6f7627f57b4fe10790a96b677b17540fa7844e0c90ac31
sha256	artifacts/flat/flat.ifo	103	ce30edde3f0a5ebc66ac0fe1c36a05940fcc400929c636c7ea9ef2eca8779736
sha256	artifacts/flat/flat.index	399	ab7f089fa196d075f3869f5bd47edebc73eff161e75181add7bc9be3d9640b01
sha256	artifacts/flat/flat.lzma2.slob	1963	3f5ffffc8733deb1afa13ee9159fbcc1e07a7791ffb2dc4ef3d3e86226d0da36
sha256	artifacts/flat/flat.raw.slob	4874	e802e9323f62e4f18a46a80932468377b0fc61e25cacd6a9dd6760645597ba0b
sha256	artifacts/flat/flat.sqlite	12288	823716517820cf0b2f813c936c1c8859c36f8b437bf067ae8b3cf9e51d589198
sha256	artifacts/flat/flat.sqlite.gz	783	45fcd5afec0f49a3421f01b6067c3d8cc2fb91797a982188c6677e62d1bb8c99
sha256	artifacts/flat/flat.sqlite.zst	710	04f444a58321d8be006a79f2d535f9b6e82e94c77a4b3ebcd1a9d505df3002a8
sha256	artifacts/pathological_prefix/pathological_prefix-v1-bzip3.bin	1560	651a6b0172f5445d5cf91557e676bc1e464d53d8672b1eca0bf83e7c23902f8a
sha256	artifacts/pathological_prefix/pathological_prefix-v1-raw.bin	4376	441d437e67a6eb742d3272a863bad22232d10a31364682c78f48d495c85106fb
sha256	artifacts/pathological_prefix/pathological_prefix-v2-latency-bzip3.bin	11616	dea0dd804a39b59a3d47f9d89bc1626525f65f777dad4f55572194a2a167d48b
sha256	artifacts/pathological_prefix/pathological_prefix-v2-latency-raw.bin	14496	8814854b3d72fd43850d8af5c61a3cfc50a6f71fa6348b88ed00c880e56a6de6
sha256	artifacts/pathological_prefix/pathological_prefix.dict	3046	ad161d510970cbb480b4784d0b8a39f175d2c4564dd6c986322a681389628841
sha256	artifacts/pathological_prefix/pathological_prefix.dict.dz	262	45be881fc56aba59cc32bf895b80e5608cd49a5bc16bd63d432363d45bda56de
sha256	artifacts/pathological_prefix/pathological_prefix.dict.gz	241	0e45f1742b4cbefc73c2c1e6df529fd76e31aaebf0452f5695bffb3e9339bf8e
sha256	artifacts/pathological_prefix/pathological_prefix.idx	704	462bffb9e334f37ae6bacc5254fc3adc63e109eb5af6c6fffd646899f34c849f
sha256	artifacts/pathological_prefix/pathological_prefix.ifo	103	caa92818267a0fd3fba6507099eaa5f65617459701bd020e3de6847d38ce7fb4
sha256	artifacts/pathological_prefix/pathological_prefix.index	712	8d7a640d5a3a6baf4468cfc668a4087ea81656fe1c3cdc0c196690548f109a24
sha256	artifacts/pathological_prefix/pathological_prefix.lzma2.slob	2276	d30e35c29229ea04134c125fcf4685b88ed5d844ffb2f716725b7840ec7c9655
sha256	artifacts/pathological_prefix/pathological_prefix.raw.slob	5187	b30656f01bcf9a6d8a05d47fbef7906ccdbe4bdc449a66eae1730c8813490158
sha256	artifacts/pathological_prefix/pathological_prefix.sqlite	12288	626d31db5a754684872a366dfc822d8abf58ef62e3fb48174acf86e34d8b5e4e
sha256	artifacts/pathological_prefix/pathological_prefix.sqlite.gz	779	46ca63c2f40957aeb3f238842d75eb3d8deb50ba8ade962f29560b6417bb75a3
sha256	artifacts/pathological_prefix/pathological_prefix.sqlite.zst	682	4ffffd58bd2e690e783169c84e061f3e8420fb8c22bac587c0e9ffa8db02cff2
sha256	artifacts/prose_heavy/prose_heavy-v1-bzip3.bin	1816	2d8e6b0d2c0d9fb18308c4f9864d8418ebf5bfb7056400a067ce907a1595f6b9
sha256	artifacts/prose_heavy/prose_heavy-v1-raw.bin	83344	95520103254850a6b1e3d7ea5072772147b69117168dcd8ea8b3872f979cf823
sha256	artifacts/prose_heavy/prose_heavy-v2-latency-bzip3.bin	11616	fd238a665a750bbcffa0c8e61d318023726dcb8c03b82d29efc8da28f779ecf0
sha256	artifacts/prose_heavy/prose_heavy-v2-latency-raw.bin	93152	e91494ed597e3f9bad1b2a70865a537d3ae26d86a5692bf01dcb43eb2d36ebbe
sha256	artifacts/prose_heavy/prose_heavy.dict	81990	113eb8719b129c6d6cc736911c8c1dcc15e3cae6cffca4eae21078c9289755f4
sha256	artifacts/prose_heavy/prose_heavy.dict.dz	798	2cdb98080da16dedf1a2ff5b58369e64ce8d91ee3e249c2092be09d7eafc4d5d
sha256	artifacts/prose_heavy/prose_heavy.dict.gz	593	4f6f9c5d8c8f42a8b4ad9f92787ed6fb0cf380de498cfa5c74c5456296268bac
sha256	artifacts/prose_heavy/prose_heavy.idx	391	b2d5159fdd8994cfc783a6252be4550bc60290de897f2bcec0f5c4c6fd939277
sha256	artifacts/prose_heavy/prose_heavy.ifo	103	ce30edde3f0a5ebc66ac0fe1c36a05940fcc400929c636c7ea9ef2eca8779736
sha256	artifacts/prose_heavy/prose_heavy.index	434	f73ae678cabf7f0feb4c56f6a9426409c7d66f657e38b38a6be18f87ce7b54be
sha256	artifacts/prose_heavy/prose_heavy.lzma2.slob	2304	4fd26d7fc85c5fcd399ca973a6c4c3fa1ede8d3bbed8abd657e7c9bdbcee32ab
sha256	artifacts/prose_heavy/prose_heavy.raw.slob	83834	cef053ddd4fe877b3f7a6e943c2431d0bcce96075fe6a09a9be7be0373b683c5
sha256	artifacts/prose_heavy/prose_heavy.sqlite	102400	247b2fb48b0f8ea91c750e23f3c222366b21f4253223492defceda939c3500d2
sha256	artifacts/prose_heavy/prose_heavy.sqlite.gz	1408	13b094273f388f1f5a621a0f783dd7328dc13a523896b94e1afa7772a7d84e81
sha256	artifacts/prose_heavy/prose_heavy.sqlite.zst	907	84813fe5f91a025d849d5868e7339a282b0883aea31a4d5e22a76316993de34a
sha256	artifacts/repeated/repeated-v1-bzip3.bin	1496	2ae30e96229b4a03dfb9ddc73436c78dcf8ca1618a1ce1749c9d609a439284fa
sha256	artifacts/repeated/repeated-v1-raw.bin	2064	b157c96bea22deed2684153b5f8f41bbfcfdc3c07f6d84bb0ff2b1c7a16f7122
sha256	artifacts/repeated/repeated-v2-latency-bzip3.bin	11360	31ca4cc33a0e8e1d888b9b9b56712679ee52591b2b045fdd9b9f068bc270a2e4
sha256	artifacts/repeated/repeated-v2-latency-raw.bin	14432	94b656cb6acc1fa65297d61f18226e96f9c0f82f1e8aea2a616eb8e16b31e896
sha256	artifacts/repeated/repeated.dict	3344	c1e838813be39693c16d96f5c23dad7eabe309f7319c53e8a6660b17e1656f22
sha256	artifacts/repeated/repeated.dict.dz	322	17685dfd4bcaa44f0b10297574a5e6b67c375c47b07304ac6831c8f2dc3d7e69
sha256	artifacts/repeated/repeated.dict.gz	302	17e431d53278e39e67aa17e97b2fda1910a049c1ede7e70e3773f1764f077661
sha256	artifacts/repeated/repeated.idx	440	37494d5b98552bf47253985c875b658f6d4048495cb57b8a11d6614ba93b85e9
sha256	artifacts/repeated/repeated.ifo	103	df1a6746fc36201eeccf5cc97a500fed83ed4a91f5321668b4d9bcda524295d3
sha256	artifacts/repeated/repeated.index	449	4c1b1fcec1f33b238c4581d7896f126502f7fef959660119268870a7962b7b69
sha256	artifacts/repeated/repeated.lzma2.slob	2099	da90b0ed2933f073b6f26038b5dcd9c8b5b7d357a31c7e81b02c4e2bd335fe1f
sha256	artifacts/repeated/repeated.raw.slob	5221	076a9acc3b5953dc09b43bb52aa4ffd50666020f8269ef69c74c114d36fd54e9
sha256	artifacts/repeated/repeated.sqlite	12288	02387d4d2cf37279fcbf09a7553007f026591cf87824326603b3853a3f7d9487
sha256	artifacts/repeated/repeated.sqlite.gz	844	c25163f54c57ceee64951a1ed13c422039308b39d82603a5fa4169aa3d7e9f8a
sha256	artifacts/repeated/repeated.sqlite.zst	781	c733df439033f6da5fa2bf306a576e68a28b9570500feea18796ad790a3e8841
sha256	artifacts/rich/rich-v1-bzip3.bin	1536	c7177fff403dc157530a300f0829ac849686da5de62fe6d5ffcdad606766292c
sha256	artifacts/rich/rich-v1-raw.bin	4352	960b08b1b73ab86da39cff1c12102543e642a2330fb0c04924971d5d6305155a
sha256	artifacts/rich/rich-v2-latency-bzip3.bin	11936	d45af69cd6e2fc89dd0c4fcc26983d5c3b7095a1a3dc9808c92946551553a3bb
sha256	artifacts/rich/rich-v2-latency-raw.bin	14816	61ca8d74f2f14006aaeefac04b2a8ff7b11bf354d22b42e85242c560468ee195
sha256	artifacts/rich/rich.dict	3046	ad161d510970cbb480b4784d0b8a39f175d2c4564dd6c986322a681389628841
sha256	artifacts/rich/rich.dict.dz	247	34145778ea6bb55b5d576f4426abc063319a70584d5153632b0094cd3cb2b2ac
sha256	artifacts/rich/rich.dict.gz	226	d65672fe1b4cf5a5ed42baa85aa0f94bba2439ae17f8a542a6b6c7cd5edde1f5
sha256	artifacts/rich/rich.idx	391	e9c3bd30d77d02641a6f7627f57b4fe10790a96b677b17540fa7844e0c90ac31
sha256	artifacts/rich/rich.ifo	103	ce30edde3f0a5ebc66ac0fe1c36a05940fcc400929c636c7ea9ef2eca8779736
sha256	artifacts/rich/rich.index	399	ab7f089fa196d075f3869f5bd47edebc73eff161e75181add7bc9be3d9640b01
sha256	artifacts/rich/rich.lzma2.slob	1963	e248113d8be838e693bab0a5cfb3cbb515ba28ac1b26d56e7fed82454bb574eb
sha256	artifacts/rich/rich.raw.slob	4874	8295900c812a18677953309c98b7cc410e68f5c035e1f9630e2803c9962c027e
sha256	artifacts/rich/rich.sqlite	12288	823716517820cf0b2f813c936c1c8859c36f8b437bf067ae8b3cf9e51d589198
sha256	artifacts/rich/rich.sqlite.gz	783	6529e7bcdb8a18ff4c7efdec40df14512fbe7afa36ba8404b0ffe45bece9c6bf
sha256	artifacts/rich/rich.sqlite.zst	710	04f444a58321d8be006a79f2d535f9b6e82e94c77a4b3ebcd1a9d505df3002a8
sha256	benchmark.json	579591	e6c242bd404a53c88661545c7aec42660d275a78f4c5c7773781b1913f3cb4a9
sha256	config.tsv	91	793f7fc613f75ca4e8360ce63bcf9f132dec5689ac705a4a5990e1d676d11444
sha256	provenance.json	60355	3ee16bb02391ef496740ae179866d95455d250be8639ea960d0d0c16a8259fa2
sha256	raw/corpus-flat.tsv	3378	bd7f220963f2270142bae269428398e531a207ca8cfbc10a3e2db19c42ce77a9
sha256	raw/corpus-pathological_prefix.tsv	3706	af05ff5b392e7630224f9caf0d8e0a4a266e231d1688e21ac778591bd3f52156
sha256	raw/corpus-prose_heavy.tsv	82329	942d8da637301d139ba9aad2a83445f28fe44c3af554c4637bff00ec542c1c63
sha256	raw/corpus-repeated.tsv	3729	0b59811aa16842fc1c421f4abc15b6731a8aec7254523b99772f06b2d21b9682
sha256	raw/corpus-rich.tsv	3378	3c74bd935ca4b8bad75ffa7fb28e87d05fe34ed0770614e480a24b9253514666
sha256	raw/external-flat.combined	18974	afb34b4d3f639e30f5bac33991bda87c9c8e72927310aaa88fc9625adfdf877c
sha256	raw/external-flat.stats.json	590	61fc91302fe07f7c91edfe91e40fc9894b53e290a8f9f6c57be3e2974c184779
sha256	raw/external-flat.stderr	0	e3b0c44298fc1c149afbf4c8996fb92427ae41e4649b934ca495991b7852b855
sha256	raw/external-flat.stdout	18974	afb34b4d3f639e30f5bac33991bda87c9c8e72927310aaa88fc9625adfdf877c
sha256	raw/external-flat.tsv	18974	afb34b4d3f639e30f5bac33991bda87c9c8e72927310aaa88fc9625adfdf877c
sha256	raw/external-pathological_prefix.combined	25481	b412efdb41747296e4a7b6f456d385428fc958dd6093b8d7fc48de53f598bdbb
sha256	raw/external-pathological_prefix.stats.json	635	9d94a846ada112ed3196d4c75fa7c9db8be9c321c2a88294649b995ad02fa106
sha256	raw/external-pathological_prefix.stderr	0	e3b0c44298fc1c149afbf4c8996fb92427ae41e4649b934ca495991b7852b855
sha256	raw/external-pathological_prefix.stdout	25481	b412efdb41747296e4a7b6f456d385428fc958dd6093b8d7fc48de53f598bdbb
sha256	raw/external-pathological_prefix.tsv	25481	b412efdb41747296e4a7b6f456d385428fc958dd6093b8d7fc48de53f598bdbb
sha256	raw/external-prose_heavy.combined	22036	f1948593172eff4c14bd2ca3a61ceea56a0683065e6d819ad13186eabd657d3b
sha256	raw/external-prose_heavy.stats.json	611	8c11e6f1b6efbcee107563c2e1484847a3726ca253e1868071d56f779b0331ed
sha256	raw/external-prose_heavy.stderr	0	e3b0c44298fc1c149afbf4c8996fb92427ae41e4649b934ca495991b7852b855
sha256	raw/external-prose_heavy.stdout	22036	f1948593172eff4c14bd2ca3a61ceea56a0683065e6d819ad13186eabd657d3b
sha256	raw/external-prose_heavy.tsv	22036	f1948593172eff4c14bd2ca3a61ceea56a0683065e6d819ad13186eabd657d3b
sha256	raw/external-repeated.combined	20676	483011d39b0e2447182c6af934c1f879aae20da01b731a9e454bf397fc156444
sha256	raw/external-repeated.stats.json	602	6013adc8f9cfe347ece4196e1b663737c925f1f4efe8769be1df5d8a0537f5c3
sha256	raw/external-repeated.stderr	0	e3b0c44298fc1c149afbf4c8996fb92427ae41e4649b934ca495991b7852b855
sha256	raw/external-repeated.stdout	20676	483011d39b0e2447182c6af934c1f879aae20da01b731a9e454bf397fc156444
sha256	raw/external-repeated.tsv	20676	483011d39b0e2447182c6af934c1f879aae20da01b731a9e454bf397fc156444
sha256	raw/external-rich.combined	18991	de0b85b1efb750ba735b3346cf354bc26cf69ea56c4d43fa3c2087ecb8eccacc
sha256	raw/external-rich.stats.json	590	534281c304bcc33ec038dadbb282c9b1ed5bb126ed8c323f396c6dd6254e1b57
sha256	raw/external-rich.stderr	0	e3b0c44298fc1c149afbf4c8996fb92427ae41e4649b934ca495991b7852b855
sha256	raw/external-rich.stdout	18991	de0b85b1efb750ba735b3346cf354bc26cf69ea56c4d43fa3c2087ecb8eccacc
sha256	raw/external-rich.tsv	18991	de0b85b1efb750ba735b3346cf354bc26cf69ea56c4d43fa3c2087ecb8eccacc
sha256	raw/machine.tsv	580	1d7cc00172f8c512579f817be97c9564c22c1b8acc7a5e8fddd876a69d4fc4c4
sha256	raw/process.tsv	1009	f63590f6a919ea624de267c66fa04fd24130b3a31b048c0d36da0c87dc1b188f
sha256	raw/provenance.tsv	943	86e401944005042de68d2ed1ba36f81e6b93f390cbd88c2fbf677316efa89570
sha256	raw/zig-flat.stats.json	493	a70b4b38e8aad69f115bd8dc98135a151d339f660fcf86a997ce5cdec86e11e0
sha256	raw/zig-flat.stderr	9084	62f500b2aa3d7a054cedfae64bfa7537a5f00611ad7b3ba761f790061deceba6
sha256	raw/zig-flat.stdout	0	e3b0c44298fc1c149afbf4c8996fb92427ae41e4649b934ca495991b7852b855
sha256	raw/zig-flat.tsv	9084	62f500b2aa3d7a054cedfae64bfa7537a5f00611ad7b3ba761f790061deceba6
sha256	raw/zig-pathological_prefix.stats.json	538	1483ff50fac3d9d010a627a39906474849283342166c89dd95c2e0ea77f066cd
sha256	raw/zig-pathological_prefix.stderr	12186	9cad422dd65fcd7ae72f6edd6188f35e30e506e1c8725907ad8b050662639c1e
sha256	raw/zig-pathological_prefix.stdout	0	e3b0c44298fc1c149afbf4c8996fb92427ae41e4649b934ca495991b7852b855
sha256	raw/zig-pathological_prefix.tsv	12186	9cad422dd65fcd7ae72f6edd6188f35e30e506e1c8725907ad8b050662639c1e
sha256	raw/zig-prose_heavy.stats.json	514	77250a5b1698abe58d54ff7c3bc20d5c6e3dc838b8f270f554124ee5318febd7
sha256	raw/zig-prose_heavy.stderr	10566	ee546cb587d1529f15bcf6ac8aa2e739c8c6c211cd92b30ffdbbff9215d9b2af
sha256	raw/zig-prose_heavy.stdout	0	e3b0c44298fc1c149afbf4c8996fb92427ae41e4649b934ca495991b7852b855
sha256	raw/zig-prose_heavy.tsv	10566	ee546cb587d1529f15bcf6ac8aa2e739c8c6c211cd92b30ffdbbff9215d9b2af
sha256	raw/zig-repeated.stats.json	505	430f08b08c6fe81b8f4f80d2b51b91671e502f43d8d1ace96fff5c65d42f33ee
sha256	raw/zig-repeated.stderr	9904	7a2fefb78409cbe5a8b56866a4ae58176d7825da9e9c3def53ded88505b4a810
sha256	raw/zig-repeated.stdout	0	e3b0c44298fc1c149afbf4c8996fb92427ae41e4649b934ca495991b7852b855
sha256	raw/zig-repeated.tsv	9904	7a2fefb78409cbe5a8b56866a4ae58176d7825da9e9c3def53ded88505b4a810
sha256	raw/zig-rich.stats.json	493	9d82c7297e6e5a96e9578621a34bfd72a1206a9d3b946cfaa584d90b22e5d86d
sha256	raw/zig-rich.stderr	9084	d1fbea315b3bc01c142d0353c6905128efe7dee5452ff9cf1a11602817ad0ca0
sha256	raw/zig-rich.stdout	0	e3b0c44298fc1c149afbf4c8996fb92427ae41e4649b934ca495991b7852b855
sha256	raw/zig-rich.tsv	9084	d1fbea315b3bc01c142d0353c6905128efe7dee5452ff9cf1a11602817ad0ca0
