kind	bytes	sha256	path
source	39870	fe175bf51696acef1eff0cef159f64f5952ce7189c5e0f140f5eb551fc44c0af	src6/experiments/bzip4/bwt_codec.zig
source	21959	d72516a8c36a436bc54dceb3551789eeb83210542e7c021debc415e1c867fb83	src6/experiments/bzip4/runner.zig
source	2995	3010236668449e4674b7fd031801e68f73f0abd4cecabf3ccf2493b0c8f066f1	src6/experiments/bzip4/build.zig
source	1872	67e1a9f992fd1202e719e6169336ad10f86629736c33aeec598f87d1d4b3989a	src6/experiments/bzip4/portable_check.zig
source	2390	cddd306cfb9c68d60381138b0a40ca729635d18acbb4415cf90bb2bf4b88a91c	src6/experiments/bzip4/audit_test.zig
source	41703	512385f4e3ef76db066d96470f175a0924704b26335bfdf6ff88651007acaa8f	src6/experiments/bzip4/codec.zig
control_source	10608	f46c9d65a3e48f54515e487721643555ed611f1fb1b59bec37b9dd3ba92a414d	src6/compression.zig
control_source	36230	7f3c79053898c25bc8dd2c67c9fdafa86f3b94bf8e3a3e3fc1dd7e8c7e8872ad	vendor/bzip3/src/libbz3.c
control_source	9525	ccb20f66402f4ca42656471ec401ceaaeac7c729d590dd976856d48967a734df	vendor/bzip3/include/libbz3.h
control_source	4968	f87f5b286e4b733e79c32c0cd5ee521a41c843a4e73a85fec161c3f0e79011da	vendor/bzip3/include/common.h
control_source	214460	65d065a8bbf37fb01a2e02817cd571d5853ccfc068195da30d0586bdeb86487c	vendor/bzip3/include/libsais.h
binary	539104	a0ff2f567e9eed41f00f0365c7d2a5538f020bd020fd994e420ba0c45436cf8f	/tmp/bzip4-install/bin/bzip4-experiment
input	90123314	687008296b727878d26472bca5315beca8136a64365f2ac819e9e1f7f22f3865	src6/bench/real-world/evidence/corpora/freedict-eng-spa/projection.tsv
input	123479075	4cddd7f0d23d7ef5dd923ef97b1894f7fff86cc26dbda1a9621653c1338c635b	src6/bench/real-world/evidence/corpora/gcide-054/projection.tsv
input	229392768	ff9b2f1e56912bf3874cb77377a6f97949206a3efdff7739a10f61e1f0c43c75	src6/bench/real-world/evidence/corpora/omw-ja-20/projection.tsv
