status	corpus	sample	training_ns	candidate_encode_ns	candidate_decode_ns	prod_bzip3_16_encode_ns	prod_bzip3_16_decode_ns	retained_setup_ns	retained_bzip3_16_encode_ns	retained_bzip3_16_decode_ns	bzip3_64_encode_ns	bzip3_64_decode_ns
accepted	freedict-eng-spa	1	2533750	309885666	511648417	410464291	230608917	55708	395805666	217743250	389357542	181575917
accepted	freedict-eng-spa	2	2430042	296381917	498405084	398614625	225071583	68167	392229416	215624875	389443500	180644209
accepted	freedict-eng-spa	3	2375000	304411708	501688167	403380959	225159750	108167	398356208	216999416	387604333	181289834
accepted	gcide-054	1	3138875	545563375	929983000	754776709	372928875	55209	749525334	364306625	793038292	331724167
accepted	gcide-054	2	3034875	598150917	929313417	765028583	384417750	83333	754921542	365337250	806357000	332689667
accepted	gcide-054	3	3136916	549530583	939447833	769046875	385594542	115209	762203542	367702958	806308542	345514000
accepted	omw-ja-20	1	3126417	269238875	447502209	572841708	272085083	83958	570408166	254599208	411413875	183599875
accepted	omw-ja-20	2	3003792	268306583	445709167	579511292	263744791	85125	567281500	257548334	408379375	184397666
accepted	omw-ja-20	3	3000834	269445709	453723083	579340833	271114250	135542	569331416	261199417	420282292	193523792
rejected-concurrent	freedict-eng-spa	no-arithmetic	7187875	137406458	45133334	NA	NA	NA	NA	NA	NA	NA
rejected-concurrent	gcide-054	no-arithmetic	3598042	162348958	73551417	NA	NA	NA	NA	NA	NA	NA
rejected-concurrent	omw-ja-20	no-arithmetic	4465042	86049042	67131042	NA	NA	NA	NA	NA	NA	NA
