meta	provenance	schema_version	1
meta	provenance	phase	verify
meta	provenance	verified	1
meta	provenance	source_file_count	54
meta	provenance	source_manifest_sha256	65d977d7415c0d5a5a51060d3c59963efa41b5b22681320601bf47ccd7ce566d
meta	provenance	executable_sha256	1fd4b19818dcf7c077981bae40e94a2668aae665f6949797105e696df7ad4ce5
meta	provenance	flake_nix_sha256	3bba092f0e80ebec6d9482bc087be6dd4f3a06bf35c31b465cf63e0338795b0e
meta	provenance	flake_lock_sha256	5ea4edb99a50185aa228d080b9cee397fee28ebdc0463c46b774a807bebe880d
meta	provenance	flake_locked_inputs_sha256	f87df8212ffc4c4c74fb0ca66d793a94ee8d8be8bfc2694e3668629806a45ed4
meta	provenance	git_head	a6250a904fe4b8ea038575009969117dbb45a418
meta	provenance	git_dirty	1
meta	provenance	environment_sha256	85efedb826cd330534b8a5ef0dcf33a93c4006e34bb5d4790976e24375d582d4
meta	provenance	cli_json	["/Users/mileswirht/Downloads/dictionary/bench2/run.sh"]
meta	provenance	mismatch_count	0
