meta	flat	corpus	records	16	
meta	flat	corpus	semantic_digest	12389034312188861599	
result	flat	sqlite	raw	artifact_bytes	12288
result	flat	sqlite	raw	build_ns	4893500
result	flat	sqlite	raw	open_ns	51834
result	flat	sqlite	raw	semantic_digest	12389034312188861599
result	flat	sqlite	raw	query_checksum	11877725990269294600
result	flat	sqlite	raw	outputs	260
result	flat	sqlite	raw	logical_prose_bytes	3046
result	flat	sqlite	raw	exact.p50_ns	4916
result	flat	sqlite	raw	exact.p95_ns	6333
result	flat	sqlite	raw	exact.p99_ns	6333
result	flat	sqlite	raw	prefix.p50_ns	20250
result	flat	sqlite	raw	prefix.p95_ns	70583
result	flat	sqlite	raw	prefix.p99_ns	70583
result	flat	sqlite	raw	render.p50_ns	11042
result	flat	sqlite	raw	render.p95_ns	38916
result	flat	sqlite	raw	render.p99_ns	38916
result	flat	sqlite	zlib	artifact_bytes	768
unavailable	flat	sqlite	zlib	reason	SQLite cannot seek compressed pages without a decompression staging policy
result	flat	sqlite	zstd	artifact_bytes	690
unavailable	flat	sqlite	zstd	reason	SQLite cannot seek compressed pages without a decompression staging policy
result	flat	stardict	raw	artifact_bytes	3527
result	flat	stardict	raw	build_ns	402459
result	flat	stardict	raw	open_ns	24042
result	flat	stardict	raw	semantic_digest	12389034312188861599
result	flat	stardict	raw	query_checksum	11877725990269294600
result	flat	stardict	raw	outputs	260
result	flat	stardict	raw	logical_prose_bytes	3046
result	flat	stardict	raw	exact.p50_ns	709
result	flat	stardict	raw	exact.p95_ns	1416
result	flat	stardict	raw	exact.p99_ns	1416
result	flat	stardict	raw	prefix.p50_ns	2125
result	flat	stardict	raw	prefix.p95_ns	2375
result	flat	stardict	raw	prefix.p99_ns	2375
result	flat	stardict	raw	render.p50_ns	584
result	flat	stardict	raw	render.p95_ns	833
result	flat	stardict	raw	render.p99_ns	833
result	flat	stardict	gzip	artifact_bytes	707
unavailable	flat	stardict	gzip	reason	gzip is not StarDict dictzip random access; raw reader is the measured query baseline
result	flat	dictd	raw	artifact_bytes	3432
result	flat	dictd	raw	build_ns	210000
result	flat	dictd	raw	open_ns	24916
result	flat	dictd	raw	semantic_digest	12389034312188861599
result	flat	dictd	raw	query_checksum	11877725990269294600
result	flat	dictd	raw	outputs	260
result	flat	dictd	raw	logical_prose_bytes	3046
result	flat	dictd	raw	exact.p50_ns	542
result	flat	dictd	raw	exact.p95_ns	1250
result	flat	dictd	raw	exact.p99_ns	1250
result	flat	dictd	raw	prefix.p50_ns	1834
result	flat	dictd	raw	prefix.p95_ns	2167
result	flat	dictd	raw	prefix.p99_ns	2167
result	flat	dictd	raw	render.p50_ns	250
result	flat	dictd	raw	render.p95_ns	458
result	flat	dictd	raw	render.p99_ns	458
result	flat	dictd	dictzip	artifact_bytes	633
result	flat	dictd	dictzip	build_ns	210000
result	flat	dictd	dictzip	open_ns	43291
result	flat	dictd	dictzip	semantic_digest	12389034312188861599
result	flat	dictd	dictzip	query_checksum	11877725990269294600
result	flat	dictd	dictzip	outputs	260
result	flat	dictd	dictzip	logical_prose_bytes	3046
result	flat	dictd	dictzip	exact.p50_ns	542
result	flat	dictd	dictzip	exact.p95_ns	18833
result	flat	dictd	dictzip	exact.p99_ns	18833
result	flat	dictd	dictzip	prefix.p50_ns	1875
result	flat	dictd	dictzip	prefix.p95_ns	7166
result	flat	dictd	dictzip	prefix.p99_ns	7166
result	flat	dictd	dictzip	render.p50_ns	4707291
result	flat	dictd	dictzip	render.p95_ns	6011667
result	flat	dictd	dictzip	render.p99_ns	6011667
result	flat	slob	raw	artifact_bytes	4861
result	flat	slob	raw	build_ns	17081209
result	flat	slob	raw	open_ns	62833
result	flat	slob	raw	semantic_digest	12389034312188861599
result	flat	slob	raw	query_checksum	11877725990269294600
result	flat	slob	raw	outputs	260
result	flat	slob	raw	logical_prose_bytes	3046
result	flat	slob	raw	exact.p50_ns	705916
result	flat	slob	raw	exact.p95_ns	1142750
result	flat	slob	raw	exact.p99_ns	1142750
result	flat	slob	raw	prefix.p50_ns	984333
result	flat	slob	raw	prefix.p95_ns	2559209
result	flat	slob	raw	prefix.p99_ns	2559209
result	flat	slob	raw	render.p50_ns	46292
result	flat	slob	raw	render.p95_ns	803000
result	flat	slob	raw	render.p99_ns	803000
result	flat	slob	lzma2	artifact_bytes	1950
result	flat	slob	lzma2	build_ns	20215000
result	flat	slob	lzma2	open_ns	55708
result	flat	slob	lzma2	semantic_digest	12389034312188861599
result	flat	slob	lzma2	query_checksum	11877725990269294600
result	flat	slob	lzma2	outputs	260
result	flat	slob	lzma2	logical_prose_bytes	3046
result	flat	slob	lzma2	exact.p50_ns	407708
result	flat	slob	lzma2	exact.p95_ns	1338083
result	flat	slob	lzma2	exact.p99_ns	1338083
result	flat	slob	lzma2	prefix.p50_ns	611167
result	flat	slob	lzma2	prefix.p95_ns	1321209
result	flat	slob	lzma2	prefix.p99_ns	1321209
result	flat	slob	lzma2	render.p50_ns	17917
result	flat	slob	lzma2	render.p95_ns	45792
result	flat	slob	lzma2	render.p99_ns	45792
