meta	flat	zig	process_wall_ns	21121083
meta	flat	zig	process_peak_rss_bytes	25411584
meta	flat	external	process_wall_ns	424221917
meta	flat	external	process_peak_rss_bytes	56426496
meta	prose_heavy	zig	process_wall_ns	43900792
meta	prose_heavy	zig	process_peak_rss_bytes	30916608
meta	prose_heavy	external	process_wall_ns	453404250
meta	prose_heavy	external	process_peak_rss_bytes	58294272
meta	repeated	zig	process_wall_ns	27265584
meta	repeated	zig	process_peak_rss_bytes	30015488
meta	repeated	external	process_wall_ns	427345416
meta	repeated	external	process_peak_rss_bytes	56754176
meta	rich	zig	process_wall_ns	23626667
meta	rich	zig	process_peak_rss_bytes	24674304
meta	rich	external	process_wall_ns	470538333
meta	rich	external	process_peak_rss_bytes	56836096
meta	pathological_prefix	zig	process_wall_ns	19273084
meta	pathological_prefix	zig	process_peak_rss_bytes	23871488
meta	pathological_prefix	external	process_wall_ns	423226333
meta	pathological_prefix	external	process_peak_rss_bytes	56344576
