classes=32	m_freedict.eval8.16384.b4sd	total=594662	header=5304	delta=94654	payload=488315	framing=6389	buckets=490	blocks=512	encode_ms=427	decode_MBps=776	x8=1654
classes=64	m_freedict.eval8.16384.b4sd	total=592986	header=11449	delta=95343	payload=479808	framing=6386	buckets=847	blocks=512	encode_ms=757	decode_MBps=640	x8=1202
classes=32	m_gcide.eval8.16384.b4sd	total=1335897	header=5434	delta=185219	payload=1138591	framing=6653	buckets=555	blocks=512	encode_ms=733	decode_MBps=424	x8=947
classes=64	m_gcide.eval8.16384.b4sd	total=1324180	header=12002	delta=186652	payload=1118869	framing=6657	buckets=967	blocks=512	encode_ms=1498	decode_MBps=347	x8=772
classes=32	m_omw.eval8.16384.b4sd	total=395996	header=5462	delta=190964	payload=193397	framing=6173	buckets=484	blocks=512	encode_ms=285	decode_MBps=1003	x8=1385
classes=64	m_omw.eval8.16384.b4sd	total=383822	header=11650	delta=184400	payload=181618	framing=6154	buckets=912	blocks=512	encode_ms=583	decode_MBps=758	x8=1000
classes=32	m_freedict.eval8.65536.b4sd	total=585312	header=5234	delta=97136	payload=481225	framing=1717	buckets=496	blocks=128	encode_ms=364	decode_MBps=849	x8=1852
classes=64	m_freedict.eval8.65536.b4sd	total=583010	header=11728	delta=97735	payload=471830	framing=1717	buckets=879	blocks=128	encode_ms=763	decode_MBps=685	x8=1305
classes=32	m_gcide.eval8.65536.b4sd	total=1331387	header=5585	delta=191997	payload=1132004	framing=1801	buckets=570	blocks=128	encode_ms=751	decode_MBps=425	x8=945
classes=64	m_gcide.eval8.65536.b4sd	total=1324351	header=12961	delta=194283	payload=1115306	framing=1801	buckets=1007	blocks=128	encode_ms=1550	decode_MBps=353	x8=793
classes=32	m_omw.eval8.65536.b4sd	total=388144	header=5741	delta=187026	payload=193631	framing=1746	buckets=494	blocks=128	encode_ms=280	decode_MBps=1057	x8=1438
classes=64	m_omw.eval8.65536.b4sd	total=380070	header=12090	delta=183600	payload=182634	framing=1746	buckets=914	blocks=128	encode_ms=584	decode_MBps=835	x8=1081
classes=32	m_freedict.untouched.65536.b4sd	total=90541	header=4201	delta=12792	payload=73327	framing=221	buckets=364	blocks=16	encode_ms=67	decode_MBps=605	x8=1004
classes=64	m_freedict.untouched.65536.b4sd	total=91934	header=8568	delta=12691	payload=70454	framing=221	buckets=605	blocks=16	encode_ms=161	decode_MBps=373	x8=560
classes=32	m_gcide.untouched.65536.b4sd	total=194956	header=5240	delta=33702	payload=155782	framing=232	buckets=477	blocks=16	encode_ms=151	decode_MBps=305	x8=556
classes=64	m_gcide.untouched.65536.b4sd	total=196758	header=11109	delta=33624	payload=151793	framing=232	buckets=826	blocks=16	encode_ms=336	decode_MBps=215	x8=324
classes=32	m_omw.untouched.65536.b4sd	total=68762	header=4100	delta=26357	payload=38076	framing=229	buckets=407	blocks=16	encode_ms=64	decode_MBps=703	x8=890
classes=64	m_omw.untouched.65536.b4sd	total=70241	header=7685	delta=25954	payload=36373	framing=229	buckets=713	blocks=16	encode_ms=142	decode_MBps=407	x8=473
classes=32	m_json.eval8.65536.b4sd	total=956795	header=2618	delta=29295	payload=923249	framing=1633	buckets=343	blocks=128	encode_ms=249	decode_MBps=737	x8=2460
classes=64	m_json.eval8.65536.b4sd	total=956389	header=5259	delta=29197	payload=920300	framing=1633	buckets=540	blocks=128	encode_ms=426	decode_MBps=673	x8=2226
classes=32	m_macho.eval8.65536.b4sd	total=2792090	header=6121	delta=651782	payload=2132288	framing=1899	buckets=669	blocks=128	encode_ms=1332	decode_MBps=213	x8=456
classes=64	m_macho.eval8.65536.b4sd	total=2759944	header=16444	delta=648983	payload=2092621	framing=1896	buckets=1198	blocks=128	encode_ms=2563	decode_MBps=191	x8=392
classes=32	m_zigsrc.eval8.65536.b4sd	total=1220039	header=6360	delta=398704	payload=813151	framing=1824	buckets=649	blocks=128	encode_ms=709	decode_MBps=421	x8=713
classes=64	m_zigsrc.eval8.65536.b4sd	total=1212378	header=15924	delta=396862	payload=797768	framing=1824	buckets=1154	blocks=128	encode_ms=1412	decode_MBps=356	x8=577
