m_freedict.eval8.16384.b4sd	total=592986	header=11449	delta=95343	payload=479808	framing=6386	buckets=847	blocks=512	encode_ms=839	decode_MBps=604	x4=995
m_gcide.eval8.16384.b4sd	total=1324180	header=12002	delta=186652	payload=1118869	framing=6657	buckets=967	blocks=512	encode_ms=1526	decode_MBps=331	x4=626
m_omw.eval8.16384.b4sd	total=383822	header=11650	delta=184400	payload=181618	framing=6154	buckets=912	blocks=512	encode_ms=592	decode_MBps=705	x4=932
m_freedict.eval8.65536.b4sd	total=583010	header=11728	delta=97735	payload=471830	framing=1717	buckets=879	blocks=128	encode_ms=777	decode_MBps=653	x4=1084
m_gcide.eval8.65536.b4sd	total=1324351	header=12961	delta=194283	payload=1115306	framing=1801	buckets=1007	blocks=128	encode_ms=1577	decode_MBps=334	x4=668
m_omw.eval8.65536.b4sd	total=380070	header=12090	delta=183600	payload=182634	framing=1746	buckets=914	blocks=128	encode_ms=598	decode_MBps=774	x4=973
m_freedict.untouched.65536.b4sd	total=91934	header=8568	delta=12691	payload=70454	framing=221	buckets=605	blocks=16	encode_ms=167	decode_MBps=372	x4=552
m_gcide.untouched.65536.b4sd	total=196758	header=11109	delta=33624	payload=151793	framing=232	buckets=826	blocks=16	encode_ms=338	decode_MBps=201	x4=312
m_omw.untouched.65536.b4sd	total=70241	header=7685	delta=25954	payload=36373	framing=229	buckets=713	blocks=16	encode_ms=141	decode_MBps=401	x4=489
m_json.eval8.65536.b4sd	total=956389	header=5259	delta=29197	payload=920300	framing=1633	buckets=540	blocks=128	encode_ms=436	decode_MBps=654	x4=1611
m_macho.eval8.65536.b4sd	total=2759944	header=16444	delta=648983	payload=2092621	framing=1896	buckets=1198	blocks=128	encode_ms=2585	decode_MBps=186	x4=331
m_zigsrc.eval8.65536.b4sd	total=1212378	header=15924	delta=396862	payload=797768	framing=1824	buckets=1154	blocks=128	encode_ms=1418	decode_MBps=342	x4=530
