meta	pathological_prefix	records	8
meta	pathological_prefix	semantic_digest	3634334578162408469
result	pathological_prefix	sqlite	raw	artifact_bytes	12288
result	pathological_prefix	sqlite	raw	build_ns	796625
sample	pathological_prefix	sqlite	raw	open	0	343625
sample	pathological_prefix	sqlite	raw	open	1	1155666
sample	pathological_prefix	sqlite	raw	open	2	133166
sample	pathological_prefix	sqlite	raw	open	3	64917
sample	pathological_prefix	sqlite	raw	open	4	53959
sample	pathological_prefix	sqlite	raw	open	5	50875
sample	pathological_prefix	sqlite	raw	open	6	48917
sample	pathological_prefix	sqlite	raw	open	7	49375
sample	pathological_prefix	sqlite	raw	open	8	47500
sample	pathological_prefix	sqlite	raw	open	9	47250
sample	pathological_prefix	sqlite	raw	open	10	47917
sample	pathological_prefix	sqlite	raw	open	11	46875
sample	pathological_prefix	sqlite	raw	open	12	47042
sample	pathological_prefix	sqlite	raw	open	13	46792
sample	pathological_prefix	sqlite	raw	open	14	45667
sample	pathological_prefix	sqlite	raw	open	15	46042
sample	pathological_prefix	sqlite	raw	open	16	46709
sample	pathological_prefix	sqlite	raw	open	17	46125
sample	pathological_prefix	sqlite	raw	open	18	48333
sample	pathological_prefix	sqlite	raw	open	19	47333
sample	pathological_prefix	sqlite	raw	open	20	47875
sample	pathological_prefix	sqlite	raw	open	21	46666
sample	pathological_prefix	sqlite	raw	open	22	47416
sample	pathological_prefix	sqlite	raw	open	23	45917
sample	pathological_prefix	sqlite	raw	open	24	44583
result	pathological_prefix	sqlite	raw	open_ns	47416
result	pathological_prefix	sqlite	raw	semantic_digest	3634334578162408469
result	pathological_prefix	sqlite	raw	query_checksum	2651549580420261282
result	pathological_prefix	sqlite	raw	outputs	11
result	pathological_prefix	sqlite	raw	logical_prose_bytes	1520
sample	pathological_prefix	sqlite	raw	exact	0	5875
sample	pathological_prefix	sqlite	raw	exact	1	5833
sample	pathological_prefix	sqlite	raw	exact	2	5709
sample	pathological_prefix	sqlite	raw	exact	3	5250
sample	pathological_prefix	sqlite	raw	prefix	0	7167
sample	pathological_prefix	sqlite	raw	prefix	1	9291
sample	pathological_prefix	sqlite	raw	prefix	2	6792
sample	pathological_prefix	sqlite	raw	prefix	3	9375
sample	pathological_prefix	sqlite	raw	render	0	5791
sample	pathological_prefix	sqlite	raw	render	1	5709
sample	pathological_prefix	sqlite	raw	render	2	5250
sample	pathological_prefix	sqlite	raw	render	3	5125
result	pathological_prefix	sqlite	raw	exact.p50_ns	5833
result	pathological_prefix	sqlite	raw	exact.p95_ns	5875
result	pathological_prefix	sqlite	raw	exact.p99_ns	5875
result	pathological_prefix	sqlite	raw	prefix.p50_ns	9291
result	pathological_prefix	sqlite	raw	prefix.p95_ns	9375
result	pathological_prefix	sqlite	raw	prefix.p99_ns	9375
result	pathological_prefix	sqlite	raw	render.p50_ns	5709
result	pathological_prefix	sqlite	raw	render.p95_ns	5791
result	pathological_prefix	sqlite	raw	render.p99_ns	5791
result	pathological_prefix	sqlite	raw	exact.hit.p50_ns	5875
result	pathological_prefix	sqlite	raw	exact.hit.p95_ns	5875
result	pathological_prefix	sqlite	raw	exact.hit.p99_ns	5875
result	pathological_prefix	sqlite	raw	exact.miss.p50_ns	5833
result	pathological_prefix	sqlite	raw	exact.miss.p95_ns	5833
result	pathological_prefix	sqlite	raw	exact.miss.p99_ns	5833
result	pathological_prefix	sqlite	raw	prefix.zero.p50_ns	7167
result	pathological_prefix	sqlite	raw	prefix.zero.p95_ns	7167
result	pathological_prefix	sqlite	raw	prefix.zero.p99_ns	7167
result	pathological_prefix	sqlite	raw	prefix.one.p50_ns	9291
result	pathological_prefix	sqlite	raw	prefix.one.p95_ns	9291
result	pathological_prefix	sqlite	raw	prefix.one.p99_ns	9291
result	pathological_prefix	sqlite	raw	prefix.many.p50_ns	-
result	pathological_prefix	sqlite	raw	prefix.many.p95_ns	-
result	pathological_prefix	sqlite	raw	prefix.many.p99_ns	-
result	pathological_prefix	sqlite	raw	prefix.pathological.p50_ns	9375
result	pathological_prefix	sqlite	raw	prefix.pathological.p95_ns	9375
result	pathological_prefix	sqlite	raw	prefix.pathological.p99_ns	9375
result	pathological_prefix	sqlite	zlib	artifact_bytes	628
unavailable	pathological_prefix	sqlite	zlib	reason	SQLite cannot seek compressed pages without a decompression staging policy
result	pathological_prefix	sqlite	zstd	artifact_bytes	558
unavailable	pathological_prefix	sqlite	zstd	reason	SQLite cannot seek compressed pages without a decompression staging policy
result	pathological_prefix	stardict	raw	artifact_bytes	1974
result	pathological_prefix	stardict	raw	build_ns	349584
sample	pathological_prefix	stardict	raw	open	0	34916
sample	pathological_prefix	stardict	raw	open	1	26417
sample	pathological_prefix	stardict	raw	open	2	26625
sample	pathological_prefix	stardict	raw	open	3	22458
sample	pathological_prefix	stardict	raw	open	4	22917
sample	pathological_prefix	stardict	raw	open	5	23084
sample	pathological_prefix	stardict	raw	open	6	24000
sample	pathological_prefix	stardict	raw	open	7	23833
sample	pathological_prefix	stardict	raw	open	8	22333
sample	pathological_prefix	stardict	raw	open	9	21083
sample	pathological_prefix	stardict	raw	open	10	21000
sample	pathological_prefix	stardict	raw	open	11	20792
sample	pathological_prefix	stardict	raw	open	12	20750
sample	pathological_prefix	stardict	raw	open	13	20833
sample	pathological_prefix	stardict	raw	open	14	20917
sample	pathological_prefix	stardict	raw	open	15	20667
sample	pathological_prefix	stardict	raw	open	16	20542
sample	pathological_prefix	stardict	raw	open	17	21041
sample	pathological_prefix	stardict	raw	open	18	21542
sample	pathological_prefix	stardict	raw	open	19	22000
sample	pathological_prefix	stardict	raw	open	20	21083
sample	pathological_prefix	stardict	raw	open	21	21208
sample	pathological_prefix	stardict	raw	open	22	21416
sample	pathological_prefix	stardict	raw	open	23	23041
sample	pathological_prefix	stardict	raw	open	24	21416
result	pathological_prefix	stardict	raw	open_ns	21416
result	pathological_prefix	stardict	raw	semantic_digest	3634334578162408469
result	pathological_prefix	stardict	raw	query_checksum	2651549580420261282
result	pathological_prefix	stardict	raw	outputs	11
result	pathological_prefix	stardict	raw	logical_prose_bytes	1520
sample	pathological_prefix	stardict	raw	exact	0	417
sample	pathological_prefix	stardict	raw	exact	1	416
sample	pathological_prefix	stardict	raw	exact	2	375
sample	pathological_prefix	stardict	raw	exact	3	292
sample	pathological_prefix	stardict	raw	prefix	0	250
sample	pathological_prefix	stardict	raw	prefix	1	458
sample	pathological_prefix	stardict	raw	prefix	2	375
sample	pathological_prefix	stardict	raw	prefix	3	1000
sample	pathological_prefix	stardict	raw	render	0	333
sample	pathological_prefix	stardict	raw	render	1	333
sample	pathological_prefix	stardict	raw	render	2	292
sample	pathological_prefix	stardict	raw	render	3	250
result	pathological_prefix	stardict	raw	exact.p50_ns	416
result	pathological_prefix	stardict	raw	exact.p95_ns	417
result	pathological_prefix	stardict	raw	exact.p99_ns	417
result	pathological_prefix	stardict	raw	prefix.p50_ns	458
result	pathological_prefix	stardict	raw	prefix.p95_ns	1000
result	pathological_prefix	stardict	raw	prefix.p99_ns	1000
result	pathological_prefix	stardict	raw	render.p50_ns	333
result	pathological_prefix	stardict	raw	render.p95_ns	333
result	pathological_prefix	stardict	raw	render.p99_ns	333
result	pathological_prefix	stardict	raw	exact.hit.p50_ns	417
result	pathological_prefix	stardict	raw	exact.hit.p95_ns	417
result	pathological_prefix	stardict	raw	exact.hit.p99_ns	417
result	pathological_prefix	stardict	raw	exact.miss.p50_ns	416
result	pathological_prefix	stardict	raw	exact.miss.p95_ns	416
result	pathological_prefix	stardict	raw	exact.miss.p99_ns	416
result	pathological_prefix	stardict	raw	prefix.zero.p50_ns	375
result	pathological_prefix	stardict	raw	prefix.zero.p95_ns	375
result	pathological_prefix	stardict	raw	prefix.zero.p99_ns	375
result	pathological_prefix	stardict	raw	prefix.one.p50_ns	458
result	pathological_prefix	stardict	raw	prefix.one.p95_ns	458
result	pathological_prefix	stardict	raw	prefix.one.p99_ns	458
result	pathological_prefix	stardict	raw	prefix.many.p50_ns	-
result	pathological_prefix	stardict	raw	prefix.many.p95_ns	-
result	pathological_prefix	stardict	raw	prefix.many.p99_ns	-
result	pathological_prefix	stardict	raw	prefix.pathological.p50_ns	1000
result	pathological_prefix	stardict	raw	prefix.pathological.p95_ns	1000
result	pathological_prefix	stardict	raw	prefix.pathological.p99_ns	1000
result	pathological_prefix	stardict	gzip	artifact_bytes	667
unavailable	pathological_prefix	stardict	gzip	reason	gzip is not StarDict dictzip random access; raw reader is the measured query baseline
result	pathological_prefix	dict-index	raw	artifact_bytes	1872
result	pathological_prefix	dict-index	raw	build_ns	171791
sample	pathological_prefix	dict-index	raw	open	0	34542
sample	pathological_prefix	dict-index	raw	open	1	28833
sample	pathological_prefix	dict-index	raw	open	2	58542
sample	pathological_prefix	dict-index	raw	open	3	29375
sample	pathological_prefix	dict-index	raw	open	4	25000
sample	pathological_prefix	dict-index	raw	open	5	26000
sample	pathological_prefix	dict-index	raw	open	6	24542
sample	pathological_prefix	dict-index	raw	open	7	24208
sample	pathological_prefix	dict-index	raw	open	8	24291
sample	pathological_prefix	dict-index	raw	open	9	24250
sample	pathological_prefix	dict-index	raw	open	10	25083
sample	pathological_prefix	dict-index	raw	open	11	26125
sample	pathological_prefix	dict-index	raw	open	12	25625
sample	pathological_prefix	dict-index	raw	open	13	23958
sample	pathological_prefix	dict-index	raw	open	14	25208
sample	pathological_prefix	dict-index	raw	open	15	29125
sample	pathological_prefix	dict-index	raw	open	16	25792
sample	pathological_prefix	dict-index	raw	open	17	24750
sample	pathological_prefix	dict-index	raw	open	18	24333
sample	pathological_prefix	dict-index	raw	open	19	25833
sample	pathological_prefix	dict-index	raw	open	20	26125
sample	pathological_prefix	dict-index	raw	open	21	24792
sample	pathological_prefix	dict-index	raw	open	22	24458
sample	pathological_prefix	dict-index	raw	open	23	24709
sample	pathological_prefix	dict-index	raw	open	24	23792
result	pathological_prefix	dict-index	raw	open_ns	25083
result	pathological_prefix	dict-index	raw	semantic_digest	3634334578162408469
result	pathological_prefix	dict-index	raw	query_checksum	2651549580420261282
result	pathological_prefix	dict-index	raw	outputs	11
result	pathological_prefix	dict-index	raw	logical_prose_bytes	1520
sample	pathological_prefix	dict-index	raw	exact	0	334
sample	pathological_prefix	dict-index	raw	exact	1	292
sample	pathological_prefix	dict-index	raw	exact	2	375
sample	pathological_prefix	dict-index	raw	exact	3	291
sample	pathological_prefix	dict-index	raw	prefix	0	291
sample	pathological_prefix	dict-index	raw	prefix	1	416
sample	pathological_prefix	dict-index	raw	prefix	2	250
sample	pathological_prefix	dict-index	raw	prefix	3	875
sample	pathological_prefix	dict-index	raw	render	0	250
sample	pathological_prefix	dict-index	raw	render	1	292
sample	pathological_prefix	dict-index	raw	render	2	250
sample	pathological_prefix	dict-index	raw	render	3	209
result	pathological_prefix	dict-index	raw	exact.p50_ns	334
result	pathological_prefix	dict-index	raw	exact.p95_ns	375
result	pathological_prefix	dict-index	raw	exact.p99_ns	375
result	pathological_prefix	dict-index	raw	prefix.p50_ns	416
result	pathological_prefix	dict-index	raw	prefix.p95_ns	875
result	pathological_prefix	dict-index	raw	prefix.p99_ns	875
result	pathological_prefix	dict-index	raw	render.p50_ns	250
result	pathological_prefix	dict-index	raw	render.p95_ns	292
result	pathological_prefix	dict-index	raw	render.p99_ns	292
result	pathological_prefix	dict-index	raw	exact.hit.p50_ns	375
result	pathological_prefix	dict-index	raw	exact.hit.p95_ns	375
result	pathological_prefix	dict-index	raw	exact.hit.p99_ns	375
result	pathological_prefix	dict-index	raw	exact.miss.p50_ns	292
result	pathological_prefix	dict-index	raw	exact.miss.p95_ns	292
result	pathological_prefix	dict-index	raw	exact.miss.p99_ns	292
result	pathological_prefix	dict-index	raw	prefix.zero.p50_ns	291
result	pathological_prefix	dict-index	raw	prefix.zero.p95_ns	291
result	pathological_prefix	dict-index	raw	prefix.zero.p99_ns	291
result	pathological_prefix	dict-index	raw	prefix.one.p50_ns	416
result	pathological_prefix	dict-index	raw	prefix.one.p95_ns	416
result	pathological_prefix	dict-index	raw	prefix.one.p99_ns	416
result	pathological_prefix	dict-index	raw	prefix.many.p50_ns	-
result	pathological_prefix	dict-index	raw	prefix.many.p95_ns	-
result	pathological_prefix	dict-index	raw	prefix.many.p99_ns	-
result	pathological_prefix	dict-index	raw	prefix.pathological.p50_ns	875
result	pathological_prefix	dict-index	raw	prefix.pathological.p95_ns	875
result	pathological_prefix	dict-index	raw	prefix.pathological.p99_ns	875
result	pathological_prefix	dict-index	dictzip	artifact_bytes	593
result	pathological_prefix	dict-index	dictzip	build_ns	6667417
sample	pathological_prefix	dict-index	dictzip	open	0	325750
sample	pathological_prefix	dict-index	dictzip	open	1	146375
sample	pathological_prefix	dict-index	dictzip	open	2	50958
sample	pathological_prefix	dict-index	dictzip	open	3	39584
sample	pathological_prefix	dict-index	dictzip	open	4	37459
sample	pathological_prefix	dict-index	dictzip	open	5	88792
sample	pathological_prefix	dict-index	dictzip	open	6	84375
sample	pathological_prefix	dict-index	dictzip	open	7	37167
sample	pathological_prefix	dict-index	dictzip	open	8	20750
sample	pathological_prefix	dict-index	dictzip	open	9	191708
sample	pathological_prefix	dict-index	dictzip	open	10	91708
sample	pathological_prefix	dict-index	dictzip	open	11	55542
sample	pathological_prefix	dict-index	dictzip	open	12	40083
sample	pathological_prefix	dict-index	dictzip	open	13	147458
sample	pathological_prefix	dict-index	dictzip	open	14	77875
sample	pathological_prefix	dict-index	dictzip	open	15	41791
sample	pathological_prefix	dict-index	dictzip	open	16	38042
sample	pathological_prefix	dict-index	dictzip	open	17	37458
sample	pathological_prefix	dict-index	dictzip	open	18	37500
sample	pathological_prefix	dict-index	dictzip	open	19	36500
sample	pathological_prefix	dict-index	dictzip	open	20	100042
sample	pathological_prefix	dict-index	dictzip	open	21	57791
sample	pathological_prefix	dict-index	dictzip	open	22	40625
sample	pathological_prefix	dict-index	dictzip	open	23	38292
sample	pathological_prefix	dict-index	dictzip	open	24	36292
result	pathological_prefix	dict-index	dictzip	open_ns	41791
result	pathological_prefix	dict-index	dictzip	semantic_digest	3634334578162408469
result	pathological_prefix	dict-index	dictzip	query_checksum	2651549580420261282
result	pathological_prefix	dict-index	dictzip	outputs	11
result	pathological_prefix	dict-index	dictzip	logical_prose_bytes	1520
sample	pathological_prefix	dict-index	dictzip	exact	0	10459
sample	pathological_prefix	dict-index	dictzip	exact	1	1250
sample	pathological_prefix	dict-index	dictzip	exact	2	1542
sample	pathological_prefix	dict-index	dictzip	exact	3	792
sample	pathological_prefix	dict-index	dictzip	prefix	0	3042
sample	pathological_prefix	dict-index	dictzip	prefix	1	1125
sample	pathological_prefix	dict-index	dictzip	prefix	2	792
sample	pathological_prefix	dict-index	dictzip	prefix	3	2125
sample	pathological_prefix	dict-index	dictzip	render	0	4515916
sample	pathological_prefix	dict-index	dictzip	render	1	6878125
sample	pathological_prefix	dict-index	dictzip	render	2	5882834
sample	pathological_prefix	dict-index	dictzip	render	3	9619417
result	pathological_prefix	dict-index	dictzip	exact.p50_ns	1542
result	pathological_prefix	dict-index	dictzip	exact.p95_ns	10459
result	pathological_prefix	dict-index	dictzip	exact.p99_ns	10459
result	pathological_prefix	dict-index	dictzip	prefix.p50_ns	2125
result	pathological_prefix	dict-index	dictzip	prefix.p95_ns	3042
result	pathological_prefix	dict-index	dictzip	prefix.p99_ns	3042
result	pathological_prefix	dict-index	dictzip	render.p50_ns	6878125
result	pathological_prefix	dict-index	dictzip	render.p95_ns	9619417
result	pathological_prefix	dict-index	dictzip	render.p99_ns	9619417
result	pathological_prefix	dict-index	dictzip	exact.hit.p50_ns	10459
result	pathological_prefix	dict-index	dictzip	exact.hit.p95_ns	10459
result	pathological_prefix	dict-index	dictzip	exact.hit.p99_ns	10459
result	pathological_prefix	dict-index	dictzip	exact.miss.p50_ns	1250
result	pathological_prefix	dict-index	dictzip	exact.miss.p95_ns	1250
result	pathological_prefix	dict-index	dictzip	exact.miss.p99_ns	1250
result	pathological_prefix	dict-index	dictzip	prefix.zero.p50_ns	3042
result	pathological_prefix	dict-index	dictzip	prefix.zero.p95_ns	3042
result	pathological_prefix	dict-index	dictzip	prefix.zero.p99_ns	3042
result	pathological_prefix	dict-index	dictzip	prefix.one.p50_ns	1125
result	pathological_prefix	dict-index	dictzip	prefix.one.p95_ns	1125
result	pathological_prefix	dict-index	dictzip	prefix.one.p99_ns	1125
result	pathological_prefix	dict-index	dictzip	prefix.many.p50_ns	-
result	pathological_prefix	dict-index	dictzip	prefix.many.p95_ns	-
result	pathological_prefix	dict-index	dictzip	prefix.many.p99_ns	-
result	pathological_prefix	dict-index	dictzip	prefix.pathological.p50_ns	2125
result	pathological_prefix	dict-index	dictzip	prefix.pathological.p95_ns	2125
result	pathological_prefix	dict-index	dictzip	prefix.pathological.p99_ns	2125
result	pathological_prefix	slob	raw	artifact_bytes	3173
result	pathological_prefix	slob	raw	build_ns	9644333
sample	pathological_prefix	slob	raw	open	0	343666
sample	pathological_prefix	slob	raw	open	1	268292
sample	pathological_prefix	slob	raw	open	2	296583
sample	pathological_prefix	slob	raw	open	3	190042
sample	pathological_prefix	slob	raw	open	4	147334
sample	pathological_prefix	slob	raw	open	5	1352709
sample	pathological_prefix	slob	raw	open	6	77375
sample	pathological_prefix	slob	raw	open	7	69625
sample	pathological_prefix	slob	raw	open	8	64084
sample	pathological_prefix	slob	raw	open	9	61250
sample	pathological_prefix	slob	raw	open	10	61208
sample	pathological_prefix	slob	raw	open	11	61334
sample	pathological_prefix	slob	raw	open	12	62333
sample	pathological_prefix	slob	raw	open	13	69834
sample	pathological_prefix	slob	raw	open	14	60958
sample	pathological_prefix	slob	raw	open	15	62625
sample	pathological_prefix	slob	raw	open	16	178375
sample	pathological_prefix	slob	raw	open	17	62209
sample	pathological_prefix	slob	raw	open	18	68833
sample	pathological_prefix	slob	raw	open	19	58500
sample	pathological_prefix	slob	raw	open	20	259667
sample	pathological_prefix	slob	raw	open	21	73083
sample	pathological_prefix	slob	raw	open	22	119042
sample	pathological_prefix	slob	raw	open	23	62542
sample	pathological_prefix	slob	raw	open	24	334667
result	pathological_prefix	slob	raw	open_ns	69834
result	pathological_prefix	slob	raw	semantic_digest	3634334578162408469
result	pathological_prefix	slob	raw	query_checksum	2651549580420261282
result	pathological_prefix	slob	raw	outputs	11
result	pathological_prefix	slob	raw	logical_prose_bytes	1520
sample	pathological_prefix	slob	raw	exact	0	260834
sample	pathological_prefix	slob	raw	exact	1	158583
sample	pathological_prefix	slob	raw	exact	2	724291
sample	pathological_prefix	slob	raw	exact	3	162833
sample	pathological_prefix	slob	raw	prefix	0	486250
sample	pathological_prefix	slob	raw	prefix	1	1587000
sample	pathological_prefix	slob	raw	prefix	2	651417
sample	pathological_prefix	slob	raw	prefix	3	780292
sample	pathological_prefix	slob	raw	render	0	103083
sample	pathological_prefix	slob	raw	render	1	71250
sample	pathological_prefix	slob	raw	render	2	47084
sample	pathological_prefix	slob	raw	render	3	60625
result	pathological_prefix	slob	raw	exact.p50_ns	260834
result	pathological_prefix	slob	raw	exact.p95_ns	724291
result	pathological_prefix	slob	raw	exact.p99_ns	724291
result	pathological_prefix	slob	raw	prefix.p50_ns	780292
result	pathological_prefix	slob	raw	prefix.p95_ns	1587000
result	pathological_prefix	slob	raw	prefix.p99_ns	1587000
result	pathological_prefix	slob	raw	render.p50_ns	71250
result	pathological_prefix	slob	raw	render.p95_ns	103083
result	pathological_prefix	slob	raw	render.p99_ns	103083
result	pathological_prefix	slob	raw	exact.hit.p50_ns	724291
result	pathological_prefix	slob	raw	exact.hit.p95_ns	724291
result	pathological_prefix	slob	raw	exact.hit.p99_ns	724291
result	pathological_prefix	slob	raw	exact.miss.p50_ns	162833
result	pathological_prefix	slob	raw	exact.miss.p95_ns	162833
result	pathological_prefix	slob	raw	exact.miss.p99_ns	162833
result	pathological_prefix	slob	raw	prefix.zero.p50_ns	651417
result	pathological_prefix	slob	raw	prefix.zero.p95_ns	651417
result	pathological_prefix	slob	raw	prefix.zero.p99_ns	651417
result	pathological_prefix	slob	raw	prefix.one.p50_ns	1587000
result	pathological_prefix	slob	raw	prefix.one.p95_ns	1587000
result	pathological_prefix	slob	raw	prefix.one.p99_ns	1587000
result	pathological_prefix	slob	raw	prefix.many.p50_ns	-
result	pathological_prefix	slob	raw	prefix.many.p95_ns	-
result	pathological_prefix	slob	raw	prefix.many.p99_ns	-
result	pathological_prefix	slob	raw	prefix.pathological.p50_ns	780292
result	pathological_prefix	slob	raw	prefix.pathological.p95_ns	780292
result	pathological_prefix	slob	raw	prefix.pathological.p99_ns	780292
result	pathological_prefix	slob	lzma2	artifact_bytes	1807
result	pathological_prefix	slob	lzma2	build_ns	8188583
sample	pathological_prefix	slob	lzma2	open	0	136750
sample	pathological_prefix	slob	lzma2	open	1	67167
sample	pathological_prefix	slob	lzma2	open	2	62000
sample	pathological_prefix	slob	lzma2	open	3	58708
sample	pathological_prefix	slob	lzma2	open	4	57666
sample	pathological_prefix	slob	lzma2	open	5	57875
sample	pathological_prefix	slob	lzma2	open	6	59792
sample	pathological_prefix	slob	lzma2	open	7	59000
sample	pathological_prefix	slob	lzma2	open	8	56667
sample	pathological_prefix	slob	lzma2	open	9	57875
sample	pathological_prefix	slob	lzma2	open	10	57166
sample	pathological_prefix	slob	lzma2	open	11	56458
sample	pathological_prefix	slob	lzma2	open	12	56333
sample	pathological_prefix	slob	lzma2	open	13	60875
sample	pathological_prefix	slob	lzma2	open	14	57208
sample	pathological_prefix	slob	lzma2	open	15	57333
sample	pathological_prefix	slob	lzma2	open	16	76000
sample	pathological_prefix	slob	lzma2	open	17	263666
sample	pathological_prefix	slob	lzma2	open	18	219459
sample	pathological_prefix	slob	lzma2	open	19	72667
sample	pathological_prefix	slob	lzma2	open	20	57291
sample	pathological_prefix	slob	lzma2	open	21	57125
sample	pathological_prefix	slob	lzma2	open	22	59792
sample	pathological_prefix	slob	lzma2	open	23	55958
sample	pathological_prefix	slob	lzma2	open	24	68083
result	pathological_prefix	slob	lzma2	open_ns	58708
result	pathological_prefix	slob	lzma2	semantic_digest	3634334578162408469
result	pathological_prefix	slob	lzma2	query_checksum	2651549580420261282
result	pathological_prefix	slob	lzma2	outputs	11
result	pathological_prefix	slob	lzma2	logical_prose_bytes	1520
sample	pathological_prefix	slob	lzma2	exact	0	228791
sample	pathological_prefix	slob	lzma2	exact	1	214083
sample	pathological_prefix	slob	lzma2	exact	2	160000
sample	pathological_prefix	slob	lzma2	exact	3	158333
sample	pathological_prefix	slob	lzma2	prefix	0	204584
sample	pathological_prefix	slob	lzma2	prefix	1	2080791
sample	pathological_prefix	slob	lzma2	prefix	2	1879167
sample	pathological_prefix	slob	lzma2	prefix	3	468208
sample	pathological_prefix	slob	lzma2	render	0	92875
sample	pathological_prefix	slob	lzma2	render	1	80583
sample	pathological_prefix	slob	lzma2	render	2	26000
sample	pathological_prefix	slob	lzma2	render	3	19250
result	pathological_prefix	slob	lzma2	exact.p50_ns	214083
result	pathological_prefix	slob	lzma2	exact.p95_ns	228791
result	pathological_prefix	slob	lzma2	exact.p99_ns	228791
result	pathological_prefix	slob	lzma2	prefix.p50_ns	1879167
result	pathological_prefix	slob	lzma2	prefix.p95_ns	2080791
result	pathological_prefix	slob	lzma2	prefix.p99_ns	2080791
result	pathological_prefix	slob	lzma2	render.p50_ns	80583
result	pathological_prefix	slob	lzma2	render.p95_ns	92875
result	pathological_prefix	slob	lzma2	render.p99_ns	92875
result	pathological_prefix	slob	lzma2	exact.hit.p50_ns	228791
result	pathological_prefix	slob	lzma2	exact.hit.p95_ns	228791
result	pathological_prefix	slob	lzma2	exact.hit.p99_ns	228791
result	pathological_prefix	slob	lzma2	exact.miss.p50_ns	214083
result	pathological_prefix	slob	lzma2	exact.miss.p95_ns	214083
result	pathological_prefix	slob	lzma2	exact.miss.p99_ns	214083
result	pathological_prefix	slob	lzma2	prefix.zero.p50_ns	1879167
result	pathological_prefix	slob	lzma2	prefix.zero.p95_ns	1879167
result	pathological_prefix	slob	lzma2	prefix.zero.p99_ns	1879167
result	pathological_prefix	slob	lzma2	prefix.one.p50_ns	2080791
result	pathological_prefix	slob	lzma2	prefix.one.p95_ns	2080791
result	pathological_prefix	slob	lzma2	prefix.one.p99_ns	2080791
result	pathological_prefix	slob	lzma2	prefix.many.p50_ns	-
result	pathological_prefix	slob	lzma2	prefix.many.p95_ns	-
result	pathological_prefix	slob	lzma2	prefix.many.p99_ns	-
result	pathological_prefix	slob	lzma2	prefix.pathological.p50_ns	468208
result	pathological_prefix	slob	lzma2	prefix.pathological.p95_ns	468208
result	pathological_prefix	slob	lzma2	prefix.pathological.p99_ns	468208
